register_name,address
SIM_SOPT4,0x4004800c
CRC_CTRL,0x40032008
SDHC_IRQSTAT,0x400b1030
ADC0_MG,0x4003b030
ADC0_CLPD,0x4003b034
ADC1_MG,0x400bb030
ADC1_CLPD,0x400bb034
ENET_OPD,0x400c00E8
PDB0_CNT,0x40036008
PDB0_CH0C1,0x40036010
SDHC_IRQSIGEN,0x400b1038
FMC_PFB1CR,0x4001f008
FMC_TAGVDW0S0,0x4001f100
ENET_ATCOR,0x400c0410
AIPS0_MPRA,0x40000000
SIM_SCGC7,0x40048040
AIPS0_PACRA,0x40000020
AIPS0_PACRC,0x40000028
AIPS0_PACRF,0x40000044
AIPS0_PACRG,0x40000048
AIPS0_PACRH,0x4000004c
AIPS0_PACRI,0x40000050
AIPS0_PACRJ,0x40000054
AIPS0_PACRK,0x40000058
AIPS0_PACRL,0x4000005c
AIPS0_PACRM,0x40000060
AIPS0_PACRN,0x40000064
AIPS0_PACRO,0x40000068
AIPS0_PACRP,0x4000006c
AXBS_PRS0,0x40004000
AXBS_CRS0,0x40004010
AXBS_PRS1,0x40004100
AXBS_CRS1,0x40004110
AXBS_PRS2,0x40004200
AXBS_CRS2,0x40004210
AXBS_PRS3,0x40004300
AXBS_CRS3,0x40004310
AXBS_PRS4,0x40004400
AXBS_CRS4,0x40004410
AXBS_PRS5,0x40004500
AXBS_CRS5,0x40004510
AXBS_PRS6,0x40004600
AXBS_CRS6,0x40004610
AXBS_PRS7,0x40004700
AXBS_CRS7,0x40004710
AXBS_MGPCR0,0x40004800
AXBS_MGPCR1,0x40004900
AXBS_MGPCR2,0x40004a00
AXBS_MGPCR3,0x40004b00
AXBS_MGPCR4,0x40004c00
AXBS_MGPCR5,0x40004d00
AXBS_MGPCR6,0x40004e00
AXBS_MGPCR7,0x40004f00
DMA_CR,0x40008000
DMA_ES,0x40008004
DMA_CEEI,0x40008018
DMA_SEEI,0x40008019
DMA_CERQ,0x4000801a
DMA_SERQ,0x4000801b
DMA_CDNE,0x4000801c
DMA_SSRT,0x4000801d
DMA_CERR,0x4000801e
DMA_CINT,0x4000801f
DMA_DCHPRI3,0x40008100
DMA_DCHPRI2,0x40008101
DMA_DCHPRI1,0x40008102
DMA_DCHPRI0,0x40008103
DMA_DCHPRI7,0x40008104
DMA_DCHPRI6,0x40008105
DMA_DCHPRI5,0x40008106
DMA_DCHPRI4,0x40008107
DMA_DCHPRI11,0x40008108
DMA_DCHPRI10,0x40008109
DMA_DCHPRI9,0x4000810a
DMA_DCHPRI8,0x4000810b
DMA_DCHPRI15,0x4000810c
DMA_DCHPRI14,0x4000810d
DMA_DCHPRI13,0x4000810e
DMA_DCHPRI12,0x4000810f
DMA_TCD0_SADDR,0x40009000
DMA_TCD0_SOFF,0x40009004
DMA_TCD0_ATTR,0x40009006
DMA_TCD0_NBYTES_MLNO,0x40009008
DMA_TCD0_NBYTES_MLOFFNO,0x40009008
DMA_TCD0_NBYTES_MLOFFYES,0x40009008
DMA_TCD0_SLAST,0x4000900c
DMA_TCD0_DADDR,0x40009010
DMA_TCD0_DOFF,0x40009014
DMA_TCD0_CITER_ELINKYES,0x40009016
DMA_TCD0_CITER_ELINKNO,0x40009016
DMA_TCD0_DLASTSGA,0x40009018
DMA_TCD0_CSR,0x4000901c
DMA_TCD0_BITER_ELINKYES,0x4000901e
DMA_TCD0_BITER_ELINKNO,0x4000901e
DMA_TCD1_SADDR,0x40009020
DMA_TCD1_SOFF,0x40009024
DMA_TCD1_ATTR,0x40009026
DMA_TCD1_NBYTES_MLNO,0x40009028
DMA_TCD1_NBYTES_MLOFFNO,0x40009028
DMA_TCD1_NBYTES_MLOFFYES,0x40009028
DMA_TCD1_SLAST,0x4000902c
DMA_TCD1_DADDR,0x40009030
DMA_TCD1_DOFF,0x40009034
DMA_TCD1_CITER_ELINKYES,0x40009036
DMA_TCD1_CITER_ELINKNO,0x40009036
DMA_TCD1_DLASTSGA,0x40009038
DMA_TCD1_CSR,0x4000903c
DMA_TCD1_BITER_ELINKYES,0x4000903e
DMA_TCD1_BITER_ELINKNO,0x4000903e
DMA_TCD2_SADDR,0x40009040
DMA_TCD2_SOFF,0x40009044
DMA_TCD2_ATTR,0x40009046
DMA_TCD2_NBYTES_MLNO,0x40009048
DMA_TCD2_NBYTES_MLOFFNO,0x40009048
DMA_TCD2_NBYTES_MLOFFYES,0x40009048
DMA_TCD2_SLAST,0x4000904c
DMA_TCD2_DADDR,0x40009050
DMA_TCD2_DOFF,0x40009054
DMA_TCD2_CITER_ELINKYES,0x40009056
DMA_TCD2_CITER_ELINKNO,0x40009056
DMA_TCD2_DLASTSGA,0x40009058
DMA_TCD2_CSR,0x4000905c
DMA_TCD2_BITER_ELINKYES,0x4000905e
DMA_TCD2_BITER_ELINKNO,0x4000905e
DMA_TCD3_SADDR,0x40009060
DMA_TCD3_SOFF,0x40009064
DMA_TCD3_ATTR,0x40009066
DMA_TCD3_NBYTES_MLNO,0x40009068
DMA_TCD3_NBYTES_MLOFFNO,0x40009068
DMA_TCD3_NBYTES_MLOFFYES,0x40009068
DMA_TCD3_SLAST,0x4000906c
DMA_TCD3_DADDR,0x40009070
DMA_TCD3_DOFF,0x40009074
DMA_TCD3_CITER_ELINKYES,0x40009076
DMA_TCD3_CITER_ELINKNO,0x40009076
DMA_TCD3_DLASTSGA,0x40009078
DMA_TCD3_CSR,0x4000907c
DMA_TCD3_BITER_ELINKYES,0x4000907e
DMA_TCD3_BITER_ELINKNO,0x4000907e
DMA_TCD4_SADDR,0x40009080
DMA_TCD4_SOFF,0x40009084
DMA_TCD4_ATTR,0x40009086
DMA_TCD4_NBYTES_MLNO,0x40009088
DMA_TCD4_NBYTES_MLOFFNO,0x40009088
DMA_TCD4_NBYTES_MLOFFYES,0x40009088
DMA_TCD4_SLAST,0x4000908c
DMA_TCD4_DADDR,0x40009090
DMA_TCD4_DOFF,0x40009094
DMA_TCD4_CITER_ELINKYES,0x40009096
DMA_TCD4_CITER_ELINKNO,0x40009096
DMA_TCD4_DLASTSGA,0x40009098
DMA_TCD4_CSR,0x4000909c
DMA_TCD4_BITER_ELINKYES,0x4000909e
DMA_TCD4_BITER_ELINKNO,0x4000909e
DMA_TCD5_SADDR,0x400090a0
DMA_TCD5_SOFF,0x400090a4
DMA_TCD5_ATTR,0x400090a6
DMA_TCD5_NBYTES_MLNO,0x400090a8
DMA_TCD5_NBYTES_MLOFFNO,0x400090a8
DMA_TCD5_NBYTES_MLOFFYES,0x400090a8
DMA_TCD5_SLAST,0x400090ac
DMA_TCD5_DADDR,0x400090b0
DMA_TCD5_DOFF,0x400090b4
DMA_TCD5_CITER_ELINKYES,0x400090b6
DMA_TCD5_CITER_ELINKNO,0x400090b6
DMA_TCD5_DLASTSGA,0x400090b8
DMA_TCD5_CSR,0x400090bc
DMA_TCD5_BITER_ELINKYES,0x400090be
DMA_TCD5_BITER_ELINKNO,0x400090be
DMA_TCD6_SADDR,0x400090c0
DMA_TCD6_SOFF,0x400090c4
DMA_TCD6_ATTR,0x400090c6
DMA_TCD6_NBYTES_MLNO,0x400090c8
DMA_TCD6_NBYTES_MLOFFNO,0x400090c8
DMA_TCD6_NBYTES_MLOFFYES,0x400090c8
DMA_TCD6_SLAST,0x400090cc
DMA_TCD6_DADDR,0x400090d0
DMA_TCD6_DOFF,0x400090d4
DMA_TCD6_CITER_ELINKYES,0x400090d6
DMA_TCD6_CITER_ELINKNO,0x400090d6
DMA_TCD6_DLASTSGA,0x400090d8
DMA_TCD6_CSR,0x400090dc
DMA_TCD6_BITER_ELINKYES,0x400090de
DMA_TCD6_BITER_ELINKNO,0x400090de
DMA_TCD7_SADDR,0x400090e0
DMA_TCD7_SOFF,0x400090e4
DMA_TCD7_ATTR,0x400090e6
DMA_TCD7_NBYTES_MLNO,0x400090e8
DMA_TCD7_NBYTES_MLOFFNO,0x400090e8
DMA_TCD7_NBYTES_MLOFFYES,0x400090e8
DMA_TCD7_SLAST,0x400090ec
DMA_TCD7_DADDR,0x400090f0
DMA_TCD7_DOFF,0x400090f4
DMA_TCD7_CITER_ELINKYES,0x400090f6
DMA_TCD7_CITER_ELINKNO,0x400090f6
DMA_TCD7_DLASTSGA,0x400090f8
DMA_TCD7_CSR,0x400090fc
DMA_TCD7_BITER_ELINKYES,0x400090fe
DMA_TCD7_BITER_ELINKNO,0x400090fe
DMA_TCD8_SADDR,0x40009100
DMA_TCD8_SOFF,0x40009104
DMA_TCD8_ATTR,0x40009106
DMA_TCD8_NBYTES_MLNO,0x40009108
DMA_TCD8_NBYTES_MLOFFNO,0x40009108
DMA_TCD8_NBYTES_MLOFFYES,0x40009108
DMA_TCD8_SLAST,0x4000910c
DMA_TCD8_DADDR,0x40009110
DMA_TCD8_DOFF,0x40009114
DMA_TCD8_CITER_ELINKYES,0x40009116
DMA_TCD8_CITER_ELINKNO,0x40009116
DMA_TCD8_DLASTSGA,0x40009118
DMA_TCD8_CSR,0x4000911c
DMA_TCD8_BITER_ELINKYES,0x4000911e
DMA_TCD8_BITER_ELINKNO,0x4000911e
DMA_TCD9_SADDR,0x40009120
DMA_TCD9_SOFF,0x40009124
DMA_TCD9_ATTR,0x40009126
DMA_TCD9_NBYTES_MLNO,0x40009128
DMA_TCD9_NBYTES_MLOFFNO,0x40009128
DMA_TCD9_NBYTES_MLOFFYES,0x40009128
DMA_TCD9_SLAST,0x4000912c
DMA_TCD9_DADDR,0x40009130
DMA_TCD9_DOFF,0x40009134
DMA_TCD9_CITER_ELINKYES,0x40009136
DMA_TCD9_CITER_ELINKNO,0x40009136
DMA_TCD9_DLASTSGA,0x40009138
DMA_TCD9_CSR,0x4000913c
DMA_TCD9_BITER_ELINKYES,0x4000913e
DMA_TCD9_BITER_ELINKNO,0x4000913e
DMA_TCD10_SADDR,0x40009140
DMA_TCD10_SOFF,0x40009144
DMA_TCD10_ATTR,0x40009146
DMA_TCD10_NBYTES_MLNO,0x40009148
DMA_TCD10_NBYTES_MLOFFNO,0x40009148
DMA_TCD10_NBYTES_MLOFFYES,0x40009148
DMA_TCD10_SLAST,0x4000914c
DMA_TCD10_DADDR,0x40009150
DMA_TCD10_DOFF,0x40009154
DMA_TCD10_CITER_ELINKYES,0x40009156
DMA_TCD10_CITER_ELINKNO,0x40009156
DMA_TCD10_DLASTSGA,0x40009158
DMA_TCD10_CSR,0x4000915c
DMA_TCD10_BITER_ELINKYES,0x4000915e
DMA_TCD10_BITER_ELINKNO,0x4000915e
DMA_TCD11_SADDR,0x40009160
DMA_TCD11_SOFF,0x40009164
DMA_TCD11_ATTR,0x40009166
DMA_TCD11_NBYTES_MLNO,0x40009168
DMA_TCD11_NBYTES_MLOFFNO,0x40009168
DMA_TCD11_NBYTES_MLOFFYES,0x40009168
DMA_TCD11_SLAST,0x4000916c
DMA_TCD11_DADDR,0x40009170
DMA_TCD11_DOFF,0x40009174
DMA_TCD11_CITER_ELINKYES,0x40009176
DMA_TCD11_CITER_ELINKNO,0x40009176
DMA_TCD11_DLASTSGA,0x40009178
DMA_TCD11_CSR,0x4000917c
DMA_TCD11_BITER_ELINKYES,0x4000917e
DMA_TCD11_BITER_ELINKNO,0x4000917e
DMA_TCD12_SADDR,0x40009180
DMA_TCD12_SOFF,0x40009184
DMA_TCD12_ATTR,0x40009186
DMA_TCD12_NBYTES_MLNO,0x40009188
DMA_TCD12_NBYTES_MLOFFNO,0x40009188
DMA_TCD12_NBYTES_MLOFFYES,0x40009188
DMA_TCD12_SLAST,0x4000918c
DMA_TCD12_DADDR,0x40009190
DMA_TCD12_DOFF,0x40009194
DMA_TCD12_CITER_ELINKYES,0x40009196
DMA_TCD12_CITER_ELINKNO,0x40009196
DMA_TCD12_DLASTSGA,0x40009198
DMA_TCD12_CSR,0x4000919c
DMA_TCD12_BITER_ELINKYES,0x4000919e
DMA_TCD12_BITER_ELINKNO,0x4000919e
DMA_TCD13_SADDR,0x400091a0
DMA_TCD13_SOFF,0x400091a4
DMA_TCD13_ATTR,0x400091a6
DMA_TCD13_NBYTES_MLNO,0x400091a8
DMA_TCD13_NBYTES_MLOFFNO,0x400091a8
DMA_TCD13_NBYTES_MLOFFYES,0x400091a8
DMA_TCD13_SLAST,0x400091ac
DMA_TCD13_DADDR,0x400091b0
DMA_TCD13_DOFF,0x400091b4
DMA_TCD13_CITER_ELINKYES,0x400091b6
DMA_TCD13_CITER_ELINKNO,0x400091b6
DMA_TCD13_DLASTSGA,0x400091b8
DMA_TCD13_CSR,0x400091bc
DMA_TCD13_BITER_ELINKYES,0x400091be
DMA_TCD13_BITER_ELINKNO,0x400091be
DMA_TCD14_SADDR,0x400091c0
DMA_TCD14_SOFF,0x400091c4
DMA_TCD14_ATTR,0x400091c6
DMA_TCD14_NBYTES_MLNO,0x400091c8
DMA_TCD14_NBYTES_MLOFFNO,0x400091c8
DMA_TCD14_NBYTES_MLOFFYES,0x400091c8
DMA_TCD14_SLAST,0x400091cc
DMA_TCD14_DADDR,0x400091d0
DMA_TCD14_DOFF,0x400091d4
DMA_TCD14_CITER_ELINKYES,0x400091d6
DMA_TCD14_CITER_ELINKNO,0x400091d6
DMA_TCD14_DLASTSGA,0x400091d8
DMA_TCD14_CSR,0x400091dc
DMA_TCD14_BITER_ELINKYES,0x400091de
DMA_TCD14_BITER_ELINKNO,0x400091de
DMA_TCD15_SADDR,0x400091e0
DMA_TCD15_SOFF,0x400091e4
DMA_TCD15_ATTR,0x400091e6
DMA_TCD15_NBYTES_MLNO,0x400091e8
DMA_TCD15_NBYTES_MLOFFNO,0x400091e8
DMA_TCD15_NBYTES_MLOFFYES,0x400091e8
DMA_TCD15_SLAST,0x400091ec
DMA_TCD15_DADDR,0x400091f0
DMA_TCD15_DOFF,0x400091f4
DMA_TCD15_CITER_ELINKYES,0x400091f6
DMA_TCD15_CITER_ELINKNO,0x400091f6
DMA_TCD15_DLASTSGA,0x400091f8
DMA_TCD15_CSR,0x400091fc
DMA_TCD15_BITER_ELINKYES,0x400091fe
DMA_TCD15_BITER_ELINKNO,0x400091fe
FB_CSAR0,0x4000c000
FB_CSMR0,0x4000c004
FB_CSCR0,0x4000c008
FB_CSAR1,0x4000c00c
FB_CSMR1,0x4000c010
FB_CSCR1,0x4000c014
FB_CSAR2,0x4000c018
FB_CSMR2,0x4000c01c
FB_CSCR2,0x4000c020
FB_CSAR3,0x4000c024
FB_CSMR3,0x4000c028
FB_CSCR3,0x4000c02c
FB_CSAR4,0x4000c030
FB_CSMR4,0x4000c034
FB_CSCR4,0x4000c038
FB_CSAR5,0x4000c03c
FB_CSMR5,0x4000c040
FB_CSCR5,0x4000c044
FB_CSPMCR,0x4000c060
MPU_CESR,0x4000d000
MPU_EAR0,0x4000d010
MPU_EDR0,0x4000d014
MPU_EAR1,0x4000d018
MPU_EDR1,0x4000d01c
MPU_EAR2,0x4000d020
MPU_EDR2,0x4000d024
MPU_EAR3,0x4000d028
MPU_EDR3,0x4000d02c
MPU_EAR4,0x4000d030
MPU_EDR4,0x4000d034
MPU_RGD0_WORD0,0x4000d400
MPU_RGD0_WORD1,0x4000d404
MPU_RGD0_WORD2,0x4000d408
MPU_RGD0_WORD3,0x4000d40c
MPU_RGD1_WORD0,0x4000d410
MPU_RGD1_WORD1,0x4000d414
MPU_RGD1_WORD2,0x4000d418
MPU_RGD1_WORD3,0x4000d41c
MPU_RGD2_WORD0,0x4000d420
MPU_RGD2_WORD1,0x4000d424
MPU_RGD2_WORD2,0x4000d428
MPU_RGD2_WORD3,0x4000d42c
MPU_RGD3_WORD0,0x4000d430
MPU_RGD3_WORD1,0x4000d434
MPU_RGD3_WORD2,0x4000d438
MPU_RGD3_WORD3,0x4000d43c
MPU_RGD4_WORD0,0x4000d440
MPU_RGD4_WORD1,0x4000d444
MPU_RGD4_WORD2,0x4000d448
MPU_RGD4_WORD3,0x4000d44c
MPU_RGD5_WORD0,0x4000d450
MPU_RGD5_WORD1,0x4000d454
MPU_RGD5_WORD2,0x4000d458
MPU_RGD5_WORD3,0x4000d45c
MPU_RGD6_WORD0,0x4000d460
MPU_RGD6_WORD1,0x4000d464
MPU_RGD6_WORD2,0x4000d468
MPU_RGD6_WORD3,0x4000d46c
MPU_RGD7_WORD0,0x4000d470
MPU_RGD7_WORD1,0x4000d474
MPU_RGD7_WORD2,0x4000d478
MPU_RGD7_WORD3,0x4000d47c
MPU_RGD8_WORD0,0x4000d480
MPU_RGD8_WORD1,0x4000d484
MPU_RGD8_WORD2,0x4000d488
MPU_RGD8_WORD3,0x4000d48c
MPU_RGD9_WORD0,0x4000d490
MPU_RGD9_WORD1,0x4000d494
MPU_RGD9_WORD2,0x4000d498
MPU_RGD9_WORD3,0x4000d49c
MPU_RGD10_WORD0,0x4000d4a0
MPU_RGD10_WORD1,0x4000d4a4
MPU_RGD10_WORD2,0x4000d4a8
MPU_RGD10_WORD3,0x4000d4ac
MPU_RGD11_WORD0,0x4000d4b0
MPU_RGD11_WORD1,0x4000d4b4
MPU_RGD11_WORD2,0x4000d4b8
MPU_RGD11_WORD3,0x4000d4bc
MPU_RGDAAC0,0x4000d800
MPU_RGDAAC1,0x4000d804
MPU_RGDAAC2,0x4000d808
MPU_RGDAAC3,0x4000d80c
MPU_RGDAAC4,0x4000d810
MPU_RGDAAC5,0x4000d814
MPU_RGDAAC6,0x4000d818
MPU_RGDAAC7,0x4000d81c
MPU_RGDAAC8,0x4000d820
MPU_RGDAAC9,0x4000d824
MPU_RGDAAC10,0x4000d828
MPU_RGDAAC11,0x4000d82c
FMC_PFAPR,0x4001f000
FMC_PFB0CR,0x4001f004
FMC_TAGVDW0S1,0x4001f104
FMC_TAGVDW0S2,0x4001f108
FMC_TAGVDW0S3,0x4001f10c
FMC_TAGVDW0S4,0x4001f110
FMC_TAGVDW0S5,0x4001f114
FMC_TAGVDW0S6,0x4001f118
FMC_TAGVDW0S7,0x4001f11c
FMC_TAGVDW1S0,0x4001f120
FMC_TAGVDW1S1,0x4001f124
FMC_TAGVDW1S2,0x4001f128
FMC_TAGVDW1S3,0x4001f12c
FMC_TAGVDW1S4,0x4001f130
FMC_TAGVDW1S5,0x4001f134
FMC_TAGVDW1S6,0x4001f138
FMC_TAGVDW1S7,0x4001f13c
FMC_TAGVDW2S0,0x4001f140
FMC_TAGVDW2S1,0x4001f144
FMC_TAGVDW2S2,0x4001f148
FMC_TAGVDW2S3,0x4001f14c
FMC_TAGVDW2S4,0x4001f150
FMC_TAGVDW2S5,0x4001f154
FMC_TAGVDW2S6,0x4001f158
FMC_TAGVDW2S7,0x4001f15c
FMC_TAGVDW3S0,0x4001f160
FMC_TAGVDW3S1,0x4001f164
FMC_TAGVDW3S2,0x4001f168
FMC_TAGVDW3S3,0x4001f16c
FMC_TAGVDW3S4,0x4001f170
FMC_TAGVDW3S5,0x4001f174
FMC_TAGVDW3S6,0x4001f178
FMC_TAGVDW3S7,0x4001f17c
FMC_DATAW0S0U,0x4001f200
FMC_DATAW0S0L,0x4001f204
FMC_DATAW0S1U,0x4001f208
FMC_DATAW0S1L,0x4001f20c
FMC_DATAW0S2U,0x4001f210
FMC_DATAW0S2L,0x4001f214
FMC_DATAW0S3U,0x4001f218
FMC_DATAW0S3L,0x4001f21c
FMC_DATAW0S4U,0x4001f220
FMC_DATAW0S4L,0x4001f224
FMC_DATAW0S5U,0x4001f228
FMC_DATAW0S5L,0x4001f22c
FMC_DATAW0S6U,0x4001f230
FMC_DATAW0S6L,0x4001f234
FMC_DATAW0S7U,0x4001f238
FMC_DATAW0S7L,0x4001f23c
FMC_DATAW1S0U,0x4001f240
FMC_DATAW1S0L,0x4001f244
FMC_DATAW1S1U,0x4001f248
FMC_DATAW1S1L,0x4001f24c
FMC_DATAW1S2U,0x4001f250
FMC_DATAW1S2L,0x4001f254
FMC_DATAW1S3U,0x4001f258
FMC_DATAW1S3L,0x4001f25c
FMC_DATAW1S4U,0x4001f260
FMC_DATAW1S4L,0x4001f264
FMC_DATAW1S5U,0x4001f268
FMC_DATAW1S5L,0x4001f26c
FMC_DATAW1S6U,0x4001f270
FMC_DATAW1S6L,0x4001f274
FMC_DATAW1S7U,0x4001f278
FMC_DATAW1S7L,0x4001f27c
FMC_DATAW2S0U,0x4001f280
FMC_DATAW2S0L,0x4001f284
FMC_DATAW2S1U,0x4001f288
FMC_DATAW2S1L,0x4001f28c
FMC_DATAW2S2U,0x4001f290
FMC_DATAW2S2L,0x4001f294
FMC_DATAW2S3U,0x4001f298
FMC_DATAW2S3L,0x4001f29c
FMC_DATAW2S4U,0x4001f2a0
FMC_DATAW2S4L,0x4001f2a4
FMC_DATAW2S5U,0x4001f2a8
FMC_DATAW2S5L,0x4001f2ac
FMC_DATAW2S6U,0x4001f2b0
FMC_DATAW2S6L,0x4001f2b4
FMC_DATAW2S7U,0x4001f2b8
FMC_DATAW2S7L,0x4001f2bc
FMC_DATAW3S0U,0x4001f2c0
FMC_DATAW3S0L,0x4001f2c4
FMC_DATAW3S1U,0x4001f2c8
FMC_DATAW3S1L,0x4001f2cc
FMC_DATAW3S2U,0x4001f2d0
FMC_DATAW3S2L,0x4001f2d4
FMC_DATAW3S3U,0x4001f2d8
FMC_DATAW3S3L,0x4001f2dc
FMC_DATAW3S4U,0x4001f2e0
FMC_DATAW3S4L,0x4001f2e4
FMC_DATAW3S5U,0x4001f2e8
FMC_DATAW3S5L,0x4001f2ec
FMC_DATAW3S6U,0x4001f2f0
FMC_DATAW3S6L,0x4001f2f4
FMC_DATAW3S7U,0x4001f2f8
FMC_DATAW3S7L,0x4001f2fc
FTFL_FSTAT,0x40020000
FTFL_FCNFG,0x40020001
FTFL_FSEC,0x40020002
FTFL_FOPT,0x40020003
FTFL_FCCOB3,0x40020004
FTFL_FCCOB2,0x40020005
FTFL_FCCOB1,0x40020006
FTFL_FCCOB0,0x40020007
FTFL_FCCOB7,0x40020008
FTFL_FCCOB6,0x40020009
FTFL_FCCOB5,0x4002000a
FTFL_FCCOB4,0x4002000b
FTFL_FCCOBB,0x4002000c
FTFL_FCCOBA,0x4002000d
FTFL_FCCOB9,0x4002000e
FTFL_FCCOB8,0x4002000f
FTFL_FPROT3,0x40020010
FTFL_FPROT2,0x40020011
FTFL_FPROT1,0x40020012
FTFL_FPROT0,0x40020013
FTFL_FEPROT,0x40020016
FTFL_FDPROT,0x40020017
DMAMUX_CHCFG0,0x40021000
DMAMUX_CHCFG1,0x40021001
DMAMUX_CHCFG2,0x40021002
DMAMUX_CHCFG3,0x40021003
DMAMUX_CHCFG4,0x40021004
DMAMUX_CHCFG5,0x40021005
DMAMUX_CHCFG6,0x40021006
DMAMUX_CHCFG7,0x40021007
DMAMUX_CHCFG8,0x40021008
DMAMUX_CHCFG9,0x40021009
DMAMUX_CHCFG10,0x4002100a
DMAMUX_CHCFG11,0x4002100b
DMAMUX_CHCFG12,0x4002100c
DMAMUX_CHCFG13,0x4002100d
DMAMUX_CHCFG14,0x4002100e
DMAMUX_CHCFG15,0x4002100f
CAN0_MCR,0x40024000
CAN0_TIMER,0x40024008
CAN0_RXMGMASK,0x40024010
CAN0_ESR1,0x40024020
CAN0_IMASK1,0x40024028
CAN0_IFLAG1,0x40024030
CAN0_CTRL2,0x40024034
CAN0_ESR2,0x40024038
CAN0_CRCR,0x40024044
CAN0_RXFGMASK,0x40024048
CAN0_RXIMR0,0x40024880
CAN0_RXIMR1,0x40024884
CAN0_RXIMR2,0x40024888
CAN0_RXIMR3,0x4002488c
CAN0_RXIMR4,0x40024890
CAN0_RXIMR5,0x40024894
CAN0_RXIMR6,0x40024898
CAN0_RXIMR7,0x4002489c
CAN0_RXIMR8,0x400248a0
CAN0_RXIMR9,0x400248a4
CAN0_RXIMR10,0x400248a8
CAN0_RXIMR11,0x400248ac
CAN0_RXIMR12,0x400248b0
CAN0_RXIMR13,0x400248b4
CAN0_RXIMR14,0x400248b8
CAN0_RXIMR15,0x400248bc
I2S0_TCSR,0x4002f000
I2S0_TCR1,0x4002f004
I2S0_TCR2,0x4002f008
I2S0_TCR3,0x4002f00c
I2S0_TCR4,0x4002f010
I2S0_TCR5,0x4002f014
I2S0_TDR0,0x4002f020
I2S0_TDR1,0x4002f024
I2S0_TFR0,0x4002f040
I2S0_TFR1,0x4002f044
I2S0_TMR,0x4002f060
I2S0_RCSR,0x4002f080
I2S0_RCR1,0x4002f084
I2S0_RCR2,0x4002f088
I2S0_RCR3,0x4002f08c
I2S0_RCR4,0x4002f090
I2S0_RCR5,0x4002f094
I2S0_RDR0,0x4002f0a0
I2S0_RDR1,0x4002f0a4
I2S0_RFR0,0x4002f0c0
I2S0_RFR1,0x4002f0c4
I2S0_RMR,0x4002f0e0
I2S0_MCR,0x4002f100
I2S0_MDR,0x4002f104
CRC_CRC,0x40032000
USBDCD_CONTROL,0x40035000
USBDCD_CLOCK,0x40035004
USBDCD_STATUS,0x40035008
USBDCD_TIMER0,0x40035010
USBDCD_TIMER1,0x40035014
USBDCD_TIMER2,0x40035018
PDB0_SC,0x40036000
PDB0_MOD,0x40036004
PDB0_IDLY,0x4003600c
PDB0_CH0S,0x40036014
PDB0_CH0DLY0,0x40036018
PDB0_CH0DLY1,0x4003601c
PDB0_CH1C1,0x40036038
PDB0_CH1S,0x4003603c
PDB0_CH1DLY0,0x40036040
PDB0_CH1DLY1,0x40036044
PDB0_DACINTC0,0x40036150
PDB0_DACINT0,0x40036154
PDB0_DACINTC1,0x40036158
PDB0_DACINT1,0x4003615c
PDB0_POEN,0x40036190
PDB0_PO0DLY,0x40036194
PDB0_PO1DLY,0x40036198
PDB0_PO2DLY,0x4003619c
PIT_MCR,0x40037000
PIT_LDVAL0,0x40037100
PIT_CVAL0,0x40037104
PIT_TCTRL0,0x40037108
PIT_TFLG0,0x4003710c
PIT_LDVAL1,0x40037110
PIT_CVAL1,0x40037114
PIT_TCTRL1,0x40037118
PIT_TFLG1,0x4003711c
PIT_LDVAL2,0x40037120
PIT_CVAL2,0x40037124
PIT_TCTRL2,0x40037128
PIT_TFLG2,0x4003712c
PIT_LDVAL3,0x40037130
PIT_CVAL3,0x40037134
PIT_TCTRL3,0x40037138
PIT_TFLG3,0x4003713c
FTM0_SC,0x40038000
FTM0_CNT,0x40038004
FTM0_MOD,0x40038008
FTM0_C0SC,0x4003800c
FTM0_C0V,0x40038010
FTM0_C1SC,0x40038014
FTM0_C1V,0x40038018
FTM0_C2SC,0x4003801c
FTM0_C2V,0x40038020
FTM0_C3SC,0x40038024
FTM0_C3V,0x40038028
FTM0_C4SC,0x4003802c
FTM0_C4V,0x40038030
FTM0_C5SC,0x40038034
FTM0_C5V,0x40038038
FTM0_C6SC,0x4003803c
FTM0_C6V,0x40038040
FTM0_C7SC,0x40038044
FTM0_C7V,0x40038048
FTM0_CNTIN,0x4003804c
FTM0_STATUS,0x40038050
FTM0_MODE,0x40038054
FTM0_SYNC,0x40038058
FTM0_OUTINIT,0x4003805c
FTM0_OUTMASK,0x40038060
FTM0_COMBINE,0x40038064
FTM0_DEADTIME,0x40038068
FTM0_EXTTRIG,0x4003806c
FTM0_POL,0x40038070
FTM0_FMS,0x40038074
FTM0_FILTER,0x40038078
FTM0_FLTCTRL,0x4003807c
FTM0_QDCTRL,0x40038080
FTM0_CONF,0x40038084
FTM0_FLTPOL,0x40038088
FTM0_SYNCONF,0x4003808c
FTM0_INVCTRL,0x40038090
FTM0_SWOCTRL,0x40038094
FTM0_PWMLOAD,0x40038098
FTM1_SC,0x40039000
FTM1_CNT,0x40039004
FTM1_MOD,0x40039008
FTM1_C0SC,0x4003900c
FTM1_C0V,0x40039010
FTM1_C1SC,0x40039014
FTM1_C1V,0x40039018
FTM1_C2SC,0x4003901c
FTM1_C2V,0x40039020
FTM1_C3SC,0x40039024
FTM1_C3V,0x40039028
FTM1_C4SC,0x4003902c
FTM1_C4V,0x40039030
FTM1_C5SC,0x40039034
FTM1_C5V,0x40039038
FTM1_C6SC,0x4003903c
FTM1_C6V,0x40039040
FTM1_C7SC,0x40039044
FTM1_C7V,0x40039048
FTM1_CNTIN,0x4003904c
FTM1_STATUS,0x40039050
FTM1_MODE,0x40039054
FTM1_SYNC,0x40039058
FTM1_OUTINIT,0x4003905c
FTM1_OUTMASK,0x40039060
FTM1_COMBINE,0x40039064
FTM1_DEADTIME,0x40039068
FTM1_EXTTRIG,0x4003906c
FTM1_POL,0x40039070
FTM1_FMS,0x40039074
FTM1_FILTER,0x40039078
FTM1_FLTCTRL,0x4003907c
FTM1_QDCTRL,0x40039080
FTM1_CONF,0x40039084
FTM1_FLTPOL,0x40039088
FTM1_SYNCONF,0x4003908c
FTM1_INVCTRL,0x40039090
FTM1_SWOCTRL,0x40039094
FTM1_PWMLOAD,0x40039098
ADC0_SC1A,0x4003b000
ADC0_SC1B,0x4003b004
ADC0_CFG1,0x4003b008
ADC0_CFG2,0x4003b00c
ADC0_RA,0x4003b010
ADC0_RB,0x4003b014
ADC0_CV1,0x4003b018
ADC0_CV2,0x4003b01c
ADC0_SC2,0x4003b020
ADC0_SC3,0x4003b024
ADC0_OFS,0x4003b028
ADC0_PG,0x4003b02c
ADC0_CLPS,0x4003b038
ADC0_CLP4,0x4003b03c
ADC0_CLP3,0x4003b040
ADC0_CLP2,0x4003b044
ADC0_CLP1,0x4003b048
ADC0_CLP0,0x4003b04c
ADC0_PGA,0x4003b050
ADC0_CLMD,0x4003b054
ADC0_CLMS,0x4003b058
ADC0_CLM4,0x4003b05c
ADC0_CLM3,0x4003b060
ADC0_CLM2,0x4003b064
ADC0_CLM1,0x4003b068
ADC0_CLM0,0x4003b06c
RTC_TSR,0x4003d000
RTC_TPR,0x4003d004
RTC_TAR,0x4003d008
RTC_TCR,0x4003d00c
RTC_CR,0x4003d010
RTC_SR,0x4003d014
RTC_LR,0x4003d018
RTC_IER,0x4003d01c
RTC_WAR,0x4003d800
RTC_RAR,0x4003d804
LPTMR0_CSR,0x40040000
LPTMR0_PSR,0x40040004
LPTMR0_CMR,0x40040008
LPTMR0_CNR,0x4004000c
TSI0_GENCS,0x40045000
TSI0_SCANC,0x40045004
TSI0_PEN,0x40045008
TSI0_WUCNTR,0x4004500c
TSI0_CNTR1,0x40045100
TSI0_CNTR3,0x40045104
TSI0_CNTR5,0x40045108
TSI0_CNTR7,0x4004510c
TSI0_CNTR9,0x40045110
TSI0_CNTR11,0x40045114
TSI0_CNTR13,0x40045118
TSI0_CNTR15,0x4004511c
TSI0_THRESHOLD,0x40045120
SIM_SOPT1,0x40047000
SIM_SOPT1CFG,0x40047004
SIM_SOPT2,0x40048004
SIM_SOPT5,0x40048010
SIM_SOPT7,0x40048018
SIM_SDID,0x40048024
SIM_SCGC1,0x40048028
SIM_SCGC2,0x4004802c
SIM_SCGC3,0x40048030
SIM_SCGC4,0x40048034
SIM_SCGC6,0x4004803c
SIM_CLKDIV1,0x40048044
SIM_CLKDIV2,0x40048048
SIM_FCFG1,0x4004804c
SIM_FCFG2,0x40048050
SIM_UIDH,0x40048054
SIM_UIDMH,0x40048058
SIM_UIDML,0x4004805c
SIM_UIDL,0x40048060
PORTA_PCR0,0x40049000
PORTA_PCR1,0x40049004
PORTA_PCR2,0x40049008
PORTA_PCR3,0x4004900c
PORTA_PCR4,0x40049010
PORTA_PCR5,0x40049014
PORTA_PCR6,0x40049018
PORTA_PCR7,0x4004901c
PORTA_PCR8,0x40049020
PORTA_PCR9,0x40049024
PORTA_PCR10,0x40049028
PORTA_PCR11,0x4004902c
PORTA_PCR12,0x40049030
PORTA_PCR13,0x40049034
PORTA_PCR14,0x40049038
PORTA_PCR15,0x4004903c
PORTA_PCR16,0x40049040
PORTA_PCR17,0x40049044
PORTA_PCR18,0x40049048
PORTA_PCR19,0x4004904c
PORTA_PCR20,0x40049050
PORTA_PCR21,0x40049054
PORTA_PCR22,0x40049058
PORTA_PCR23,0x4004905c
PORTA_PCR24,0x40049060
PORTA_PCR25,0x40049064
PORTA_PCR26,0x40049068
PORTA_PCR27,0x4004906c
PORTA_PCR28,0x40049070
PORTA_PCR29,0x40049074
PORTA_PCR30,0x40049078
PORTA_PCR31,0x4004907c
PORTA_GPCLR,0x40049080
PORTA_GPCHR,0x40049084
PORTA_ISFR,0x400490a0
PORTB_PCR0,0x4004a000
PORTB_PCR1,0x4004a004
PORTB_PCR2,0x4004a008
PORTB_PCR3,0x4004a00c
PORTB_PCR4,0x4004a010
PORTB_PCR5,0x4004a014
PORTB_PCR6,0x4004a018
PORTB_PCR7,0x4004a01c
PORTB_PCR8,0x4004a020
PORTB_PCR9,0x4004a024
PORTB_PCR10,0x4004a028
PORTB_PCR11,0x4004a02c
PORTB_PCR12,0x4004a030
PORTB_PCR13,0x4004a034
PORTB_PCR14,0x4004a038
PORTB_PCR15,0x4004a03c
PORTB_PCR16,0x4004a040
PORTB_PCR17,0x4004a044
PORTB_PCR18,0x4004a048
PORTB_PCR19,0x4004a04c
PORTB_PCR20,0x4004a050
PORTB_PCR21,0x4004a054
PORTB_PCR22,0x4004a058
PORTB_PCR23,0x4004a05c
PORTB_PCR24,0x4004a060
PORTB_PCR25,0x4004a064
PORTB_PCR26,0x4004a068
PORTB_PCR27,0x4004a06c
PORTB_PCR28,0x4004a070
PORTB_PCR29,0x4004a074
PORTB_PCR30,0x4004a078
PORTB_PCR31,0x4004a07c
PORTB_GPCLR,0x4004a080
PORTB_GPCHR,0x4004a084
PORTB_ISFR,0x4004a0a0
PORTC_PCR0,0x4004b000
PORTC_PCR1,0x4004b004
PORTC_PCR2,0x4004b008
PORTC_PCR3,0x4004b00c
PORTC_PCR4,0x4004b010
PORTC_PCR5,0x4004b014
PORTC_PCR6,0x4004b018
PORTC_PCR7,0x4004b01c
PORTC_PCR8,0x4004b020
PORTC_PCR9,0x4004b024
PORTC_PCR10,0x4004b028
PORTC_PCR11,0x4004b02c
PORTC_PCR12,0x4004b030
PORTC_PCR13,0x4004b034
PORTC_PCR14,0x4004b038
PORTC_PCR15,0x4004b03c
PORTC_PCR16,0x4004b040
PORTC_PCR17,0x4004b044
PORTC_PCR18,0x4004b048
PORTC_PCR19,0x4004b04c
PORTC_PCR20,0x4004b050
PORTC_PCR21,0x4004b054
PORTC_PCR22,0x4004b058
PORTC_PCR23,0x4004b05c
PORTC_PCR24,0x4004b060
PORTC_PCR25,0x4004b064
PORTC_PCR26,0x4004b068
PORTC_PCR27,0x4004b06c
PORTC_PCR28,0x4004b070
PORTC_PCR29,0x4004b074
PORTC_PCR30,0x4004b078
PORTC_PCR31,0x4004b07c
PORTC_GPCLR,0x4004b080
PORTC_GPCHR,0x4004b084
PORTC_ISFR,0x4004b0a0
PORTD_PCR0,0x4004c000
PORTD_PCR1,0x4004c004
PORTD_PCR2,0x4004c008
PORTD_PCR3,0x4004c00c
PORTD_PCR4,0x4004c010
PORTD_PCR5,0x4004c014
PORTD_PCR6,0x4004c018
PORTD_PCR7,0x4004c01c
PORTD_PCR8,0x4004c020
PORTD_PCR9,0x4004c024
PORTD_PCR10,0x4004c028
PORTD_PCR11,0x4004c02c
PORTD_PCR12,0x4004c030
PORTD_PCR13,0x4004c034
PORTD_PCR14,0x4004c038
PORTD_PCR15,0x4004c03c
PORTD_PCR16,0x4004c040
PORTD_PCR17,0x4004c044
PORTD_PCR18,0x4004c048
PORTD_PCR19,0x4004c04c
PORTD_PCR20,0x4004c050
PORTD_PCR21,0x4004c054
PORTD_PCR22,0x4004c058
PORTD_PCR23,0x4004c05c
PORTD_PCR24,0x4004c060
PORTD_PCR25,0x4004c064
PORTD_PCR26,0x4004c068
PORTD_PCR27,0x4004c06c
PORTD_PCR28,0x4004c070
PORTD_PCR29,0x4004c074
PORTD_PCR30,0x4004c078
PORTD_PCR31,0x4004c07c
PORTD_GPCLR,0x4004c080
PORTD_GPCHR,0x4004c084
PORTD_ISFR,0x4004c0a0
PORTE_PCR0,0x4004d000
PORTE_PCR1,0x4004d004
PORTE_PCR2,0x4004d008
PORTE_PCR3,0x4004d00c
PORTE_PCR4,0x4004d010
PORTE_PCR5,0x4004d014
PORTE_PCR6,0x4004d018
PORTE_PCR7,0x4004d01c
PORTE_PCR8,0x4004d020
PORTE_PCR9,0x4004d024
PORTE_PCR10,0x4004d028
PORTE_PCR11,0x4004d02c
PORTE_PCR12,0x4004d030
PORTE_PCR13,0x4004d034
PORTE_PCR14,0x4004d038
PORTE_PCR15,0x4004d03c
PORTE_PCR16,0x4004d040
PORTE_PCR17,0x4004d044
PORTE_PCR18,0x4004d048
PORTE_PCR19,0x4004d04c
PORTE_PCR20,0x4004d050
PORTE_PCR21,0x4004d054
PORTE_PCR22,0x4004d058
PORTE_PCR23,0x4004d05c
PORTE_PCR24,0x4004d060
PORTE_PCR25,0x4004d064
PORTE_PCR26,0x4004d068
PORTE_PCR27,0x4004d06c
PORTE_PCR28,0x4004d070
PORTE_PCR29,0x4004d074
PORTE_PCR30,0x4004d078
PORTE_PCR31,0x4004d07c
PORTE_GPCLR,0x4004d080
PORTE_GPCHR,0x4004d084
PORTE_ISFR,0x4004d0a0
WDOG_STCTRLH,0x40052000
WDOG_STCTRLL,0x40052002
WDOG_TOVALH,0x40052004
WDOG_TOVALL,0x40052006
WDOG_WINH,0x40052008
WDOG_WINL,0x4005200a
WDOG_REFRESH,0x4005200c
WDOG_UNLOCK,0x4005200e
WDOG_TMROUTH,0x40052010
WDOG_TMROUTL,0x40052012
WDOG_RSTCNT,0x40052014
WDOG_PRESC,0x40052016
EWM_CTRL,0x40061000
EWM_SERV,0x40061001
EWM_CMPL,0x40061002
EWM_CMPH,0x40061003
EWM_CLKPRESCALER,0x40061005
CMT_CGH1,0x40062000
CMT_CGL1,0x40062001
CMT_CGH2,0x40062002
CMT_CGL2,0x40062003
CMT_OC,0x40062004
CMT_MSC,0x40062005
CMT_CMD1,0x40062006
CMT_CMD2,0x40062007
CMT_CMD3,0x40062008
CMT_CMD4,0x40062009
CMT_PPS,0x4006200a
CMT_DMA,0x4006200b
MCG_C1,0x40064000
MCG_C2,0x40064001
MCG_C3,0x40064002
MCG_C4,0x40064003
MCG_C5,0x40064004
MCG_C6,0x40064005
MCG_S,0x40064006
MCG_SC,0x40064008
MCG_ATCVH,0x4006400a
MCG_ATCVL,0x4006400b
MCG_C7,0x4006400c
MCG_C8,0x4006400d
MCG_C9,0x4006400e
MCG_C10,0x4006400f
OSC_CR,0x40065000
I2C0_A1,0x40066000
I2C0_F,0x40066001
I2C0_C1,0x40066002
I2C0_S,0x40066003
I2C0_D,0x40066004
I2C0_C2,0x40066005
I2C0_FLT,0x40066006
I2C0_RA,0x40066007
I2C0_SMB,0x40066008
I2C0_A2,0x40066009
I2C0_SLTH,0x4006600a
I2C0_SLTL,0x4006600b
I2C1_A1,0x40067000
I2C1_F,0x40067001
I2C1_C1,0x40067002
I2C1_S,0x40067003
I2C1_D,0x40067004
I2C1_C2,0x40067005
I2C1_FLT,0x40067006
I2C1_RA,0x40067007
I2C1_SMB,0x40067008
I2C1_A2,0x40067009
I2C1_SLTH,0x4006700a
I2C1_SLTL,0x4006700b
UART0_BDH,0x4006a000
UART0_BDL,0x4006a001
UART0_C1,0x4006a002
UART0_C2,0x4006a003
UART0_S1,0x4006a004
UART0_S2,0x4006a005
UART0_C3,0x4006a006
UART0_D,0x4006a007
UART0_MA1,0x4006a008
UART0_MA2,0x4006a009
UART0_C4,0x4006a00a
UART0_C5,0x4006a00b
UART0_ED,0x4006a00c
UART0_MODEM,0x4006a00d
UART0_IR,0x4006a00e
UART0_PFIFO,0x4006a010
UART0_CFIFO,0x4006a011
UART0_SFIFO,0x4006a012
UART0_TWFIFO,0x4006a013
UART0_TCFIFO,0x4006a014
UART0_RWFIFO,0x4006a015
UART0_RCFIFO,0x4006a016
UART0_C7816,0x4006a018
UART0_IE7816,0x4006a019
UART0_IS7816,0x4006a01a
UART0_WP7816T0,0x4006a01b
UART0_WP7816T1,0x4006a01b
UART0_WN7816,0x4006a01c
UART0_WF7816,0x4006a01d
UART0_ET7816,0x4006a01e
UART0_TL7816,0x4006a01f
UART0_C6,0x4006a021
UART0_PCTH,0x4006a022
UART0_PCTL,0x4006a023
UART0_IE0,0x4006a024
UART0_SDTH,0x4006a025
UART0_SDTL,0x4006a026
UART0_PRE,0x4006a027
UART0_TPL,0x4006a028
UART0_IE,0x4006a029
UART0_WB,0x4006a02a
UART0_S3,0x4006a02b
UART0_S4,0x4006a02c
UART0_RPL,0x4006a02d
UART0_RPREL,0x4006a02e
UART0_CPW,0x4006a02f
UART0_RIDTH,0x4006a030
UART0_RIDTL,0x4006a031
UART0_TIDTH,0x4006a032
UART0_TIDTL,0x4006a033
UART0_RB1TH,0x4006a034
UART0_RB1TL,0x4006a035
UART0_TB1TH,0x4006a036
UART0_TB1TL,0x4006a037
UART0_PROG_REG,0x4006a038
UART0_STATE_REG,0x4006a039
UART1_BDH,0x4006b000
UART1_BDL,0x4006b001
UART1_C1,0x4006b002
UART1_C2,0x4006b003
UART1_S1,0x4006b004
UART1_S2,0x4006b005
UART1_C3,0x4006b006
UART1_D,0x4006b007
UART1_MA1,0x4006b008
UART1_MA2,0x4006b009
UART1_C4,0x4006b00a
UART1_C5,0x4006b00b
UART1_ED,0x4006b00c
UART1_MODEM,0x4006b00d
UART1_IR,0x4006b00e
UART1_PFIFO,0x4006b010
UART1_CFIFO,0x4006b011
UART1_SFIFO,0x4006b012
UART1_TWFIFO,0x4006b013
UART1_TCFIFO,0x4006b014
UART1_RWFIFO,0x4006b015
UART1_RCFIFO,0x4006b016
UART1_C7816,0x4006b018
UART1_IE7816,0x4006b019
UART1_IS7816,0x4006b01a
UART1_WP7816T0,0x4006b01b
UART1_WP7816T1,0x4006b01b
UART1_WN7816,0x4006b01c
UART1_WF7816,0x4006b01d
UART1_ET7816,0x4006b01e
UART1_TL7816,0x4006b01f
UART1_C6,0x4006b021
UART1_PCTH,0x4006b022
UART1_PCTL,0x4006b023
UART1_IE0,0x4006b024
UART1_SDTH,0x4006b025
UART1_SDTL,0x4006b026
UART1_PRE,0x4006b027
UART1_TPL,0x4006b028
UART1_IE,0x4006b029
UART1_WB,0x4006b02a
UART1_S3,0x4006b02b
UART1_S4,0x4006b02c
UART1_RPL,0x4006b02d
UART1_RPREL,0x4006b02e
UART1_CPW,0x4006b02f
UART1_RIDTH,0x4006b030
UART1_RIDTL,0x4006b031
UART1_TIDTH,0x4006b032
UART1_TIDTL,0x4006b033
UART1_RB1TH,0x4006b034
UART1_RB1TL,0x4006b035
UART1_TB1TH,0x4006b036
UART1_TB1TL,0x4006b037
UART1_PROG_REG,0x4006b038
UART1_STATE_REG,0x4006b039
UART2_BDH,0x4006c000
UART2_BDL,0x4006c001
UART2_C1,0x4006c002
UART2_C2,0x4006c003
UART2_S1,0x4006c004
UART2_S2,0x4006c005
UART2_C3,0x4006c006
UART2_D,0x4006c007
UART2_MA1,0x4006c008
UART2_MA2,0x4006c009
UART2_C4,0x4006c00a
UART2_C5,0x4006c00b
UART2_ED,0x4006c00c
UART2_MODEM,0x4006c00d
UART2_IR,0x4006c00e
UART2_PFIFO,0x4006c010
UART2_CFIFO,0x4006c011
UART2_SFIFO,0x4006c012
UART2_TWFIFO,0x4006c013
UART2_TCFIFO,0x4006c014
UART2_RWFIFO,0x4006c015
UART2_RCFIFO,0x4006c016
UART2_C7816,0x4006c018
UART2_IE7816,0x4006c019
UART2_IS7816,0x4006c01a
UART2_WP7816T0,0x4006c01b
UART2_WP7816T1,0x4006c01b
UART2_WN7816,0x4006c01c
UART2_WF7816,0x4006c01d
UART2_ET7816,0x4006c01e
UART2_TL7816,0x4006c01f
UART2_C6,0x4006c021
UART2_PCTH,0x4006c022
UART2_PCTL,0x4006c023
UART2_IE0,0x4006c024
UART2_SDTH,0x4006c025
UART2_SDTL,0x4006c026
UART2_PRE,0x4006c027
UART2_TPL,0x4006c028
UART2_IE,0x4006c029
UART2_WB,0x4006c02a
UART2_S3,0x4006c02b
UART2_S4,0x4006c02c
UART2_RPL,0x4006c02d
UART2_RPREL,0x4006c02e
UART2_CPW,0x4006c02f
UART2_RIDTH,0x4006c030
UART2_RIDTL,0x4006c031
UART2_TIDTH,0x4006c032
UART2_TIDTL,0x4006c033
UART2_RB1TH,0x4006c034
UART2_RB1TL,0x4006c035
UART2_TB1TH,0x4006c036
UART2_TB1TL,0x4006c037
UART2_PROG_REG,0x4006c038
UART2_STATE_REG,0x4006c039
UART3_BDH,0x4006d000
UART3_BDL,0x4006d001
UART3_C1,0x4006d002
UART3_C2,0x4006d003
UART3_S1,0x4006d004
UART3_S2,0x4006d005
UART3_C3,0x4006d006
UART3_D,0x4006d007
UART3_MA1,0x4006d008
UART3_MA2,0x4006d009
UART3_C4,0x4006d00a
UART3_C5,0x4006d00b
UART3_ED,0x4006d00c
UART3_MODEM,0x4006d00d
UART3_IR,0x4006d00e
UART3_PFIFO,0x4006d010
UART3_CFIFO,0x4006d011
UART3_SFIFO,0x4006d012
UART3_TWFIFO,0x4006d013
UART3_TCFIFO,0x4006d014
UART3_RWFIFO,0x4006d015
UART3_RCFIFO,0x4006d016
UART3_C7816,0x4006d018
UART3_IE7816,0x4006d019
UART3_IS7816,0x4006d01a
UART3_WP7816T0,0x4006d01b
UART3_WP7816T1,0x4006d01b
UART3_WN7816,0x4006d01c
UART3_WF7816,0x4006d01d
UART3_ET7816,0x4006d01e
UART3_TL7816,0x4006d01f
UART3_C6,0x4006d021
UART3_PCTH,0x4006d022
UART3_PCTL,0x4006d023
UART3_IE0,0x4006d024
UART3_SDTH,0x4006d025
UART3_SDTL,0x4006d026
UART3_PRE,0x4006d027
UART3_TPL,0x4006d028
UART3_IE,0x4006d029
UART3_WB,0x4006d02a
UART3_S3,0x4006d02b
UART3_S4,0x4006d02c
UART3_RPL,0x4006d02d
UART3_RPREL,0x4006d02e
UART3_CPW,0x4006d02f
UART3_RIDTH,0x4006d030
UART3_RIDTL,0x4006d031
UART3_TIDTH,0x4006d032
UART3_TIDTL,0x4006d033
UART3_RB1TH,0x4006d034
UART3_RB1TL,0x4006d035
UART3_TB1TH,0x4006d036
UART3_TB1TL,0x4006d037
UART3_PROG_REG,0x4006d038
UART3_STATE_REG,0x4006d039
USB0_PERID,0x40072000
USB0_IDCOMP,0x40072004
USB0_REV,0x40072008
USB0_ADDINFO,0x4007200c
USB0_OTGISTAT,0x40072010
USB0_OTGICR,0x40072014
USB0_OTGSTAT,0x40072018
USB0_OTGCTL,0x4007201c
USB0_ISTAT,0x40072080
USB0_INTEN,0x40072084
USB0_ERRSTAT,0x40072088
USB0_ERREN,0x4007208c
USB0_STAT,0x40072090
USB0_CTL,0x40072094
USB0_ADDR,0x40072098
USB0_BDTPAGE1,0x4007209c
USB0_FRMNUML,0x400720a0
USB0_FRMNUMH,0x400720a4
USB0_TOKEN,0x400720a8
USB0_SOFTHLD,0x400720ac
USB0_BDTPAGE2,0x400720b0
USB0_BDTPAGE3,0x400720b4
USB0_ENDPT0,0x400720c0
USB0_ENDPT1,0x400720c4
USB0_ENDPT2,0x400720c8
USB0_ENDPT3,0x400720cc
USB0_ENDPT4,0x400720d0
USB0_ENDPT5,0x400720d4
USB0_ENDPT6,0x400720d8
USB0_ENDPT7,0x400720dc
USB0_ENDPT8,0x400720e0
USB0_ENDPT9,0x400720e4
USB0_ENDPT10,0x400720e8
USB0_ENDPT11,0x400720ec
USB0_ENDPT12,0x400720f0
USB0_ENDPT13,0x400720f4
USB0_ENDPT14,0x400720f8
USB0_ENDPT15,0x400720fc
USB0_USBCTRL,0x40072100
USB0_OBSERVE,0x40072104
USB0_CONTROL,0x40072108
USB0_USBTRC0,0x4007210c
USB0_USBFRMADJUST,0x40072114
CMP0_CR0,0x40073000
CMP0_CR1,0x40073001
CMP0_FPR,0x40073002
CMP0_SCR,0x40073003
CMP0_DACCR,0x40073004
CMP0_MUXCR,0x40073005
CMP1_CR0,0x40073008
CMP1_CR1,0x40073009
CMP1_FPR,0x4007300a
CMP1_SCR,0x4007300b
CMP1_DACCR,0x4007300c
CMP1_MUXCR,0x4007300d
CMP2_CR0,0x40073010
CMP2_CR1,0x40073011
CMP2_FPR,0x40073012
CMP2_SCR,0x40073013
CMP2_DACCR,0x40073014
CMP2_MUXCR,0x40073015
VREF_TRM,0x40074000
VREF_SC,0x40074001
LLWU_PE1,0x4007c000
LLWU_PE2,0x4007c001
LLWU_PE3,0x4007c002
LLWU_PE4,0x4007c003
LLWU_ME,0x4007c004
LLWU_F1,0x4007c005
LLWU_F2,0x4007c006
LLWU_F3,0x4007c007
LLWU_FILT1,0x4007c008
LLWU_FILT2,0x4007c009
LLWU_RST,0x4007c00a
PMC_LVDSC1,0x4007d000
PMC_LVDSC2,0x4007d001
PMC_REGSC,0x4007d002
SMC_PMPROT,0x4007e000
SMC_PMCTRL,0x4007e001
SMC_VLLSCTRL,0x4007e002
SMC_PMSTAT,0x4007e003
RCM_SRS0,0x4007f000
RCM_SRS1,0x4007f001
RCM_RPFC,0x4007f004
RCM_RPFW,0x4007f005
RCM_MR,0x4007f007
AIPS1_MPRA,0x40080000
AIPS1_PACRA,0x40080020
AIPS1_PACRF,0x40080044
AIPS1_PACRG,0x40080048
AIPS1_PACRH,0x4008004c
AIPS1_PACRI,0x40080050
AIPS1_PACRJ,0x40080054
AIPS1_PACRK,0x40080058
AIPS1_PACRL,0x4008005c
AIPS1_PACRM,0x40080060
AIPS1_PACRN,0x40080064
AIPS1_PACRO,0x40080068
AIPS1_PACRP,0x4008006c
RNG_CR,0x400a0000
RNG_SR,0x400a0004
RNG_ER,0x400a0008
RNG_OR,0x400a000c
CAN1_MCR,0x400a4000
CAN1_TIMER,0x400a4008
CAN1_RXMGMASK,0x400a4010
CAN1_ESR1,0x400a4020
CAN1_IMASK1,0x400a4028
CAN1_IFLAG1,0x400a4030
CAN1_CTRL2,0x400a4034
CAN1_ESR2,0x400a4038
CAN1_CRCR,0x400a4044
CAN1_RXFGMASK,0x400a4048
CAN1_RXIMR0,0x400a4880
CAN1_RXIMR1,0x400a4884
CAN1_RXIMR2,0x400a4888
CAN1_RXIMR3,0x400a488c
CAN1_RXIMR4,0x400a4890
CAN1_RXIMR5,0x400a4894
CAN1_RXIMR6,0x400a4898
CAN1_RXIMR7,0x400a489c
CAN1_RXIMR8,0x400a48a0
CAN1_RXIMR9,0x400a48a4
CAN1_RXIMR10,0x400a48a8
CAN1_RXIMR11,0x400a48ac
CAN1_RXIMR12,0x400a48b0
CAN1_RXIMR13,0x400a48b4
CAN1_RXIMR14,0x400a48b8
CAN1_RXIMR15,0x400a48bc
SDHC_DSADDR,0x400b1000
SDHC_BLKATTR,0x400b1004
SDHC_CMDARG,0x400b1008
SDHC_XFERTYP,0x400b100c
SDHC_CMDRSP0,0x400b1010
SDHC_CMDRSP1,0x400b1014
SDHC_CMDRSP2,0x400b1018
SDHC_CMDRSP3,0x400b101c
SDHC_DATPORT,0x400b1020
SDHC_PRSSTAT,0x400b1024
SDHC_PROCTL,0x400b1028
SDHC_SYSCTL,0x400b102c
SDHC_IRQSTATEN,0x400b1034
SDHC_AC12ERR,0x400b103c
SDHC_HTCAPBLT,0x400b1040
SDHC_WML,0x400b1044
SDHC_FEVT,0x400b1050
SDHC_ADMAES,0x400b1054
SDHC_ADSADDR,0x400b1058
SDHC_VENDOR,0x400b10c0
SDHC_MMCBOOT,0x400b10c4
SDHC_HOSTVER,0x400b10fc
FTM2_SC,0x400b8000
FTM2_CNT,0x400b8004
FTM2_MOD,0x400b8008
FTM2_C0SC,0x400b800c
FTM2_C0V,0x400b8010
FTM2_C1SC,0x400b8014
FTM2_C1V,0x400b8018
FTM2_C2SC,0x400b801c
FTM2_C2V,0x400b8020
FTM2_C3SC,0x400b8024
FTM2_C3V,0x400b8028
FTM2_C4SC,0x400b802c
FTM2_C4V,0x400b8030
FTM2_C5SC,0x400b8034
FTM2_C5V,0x400b8038
FTM2_C6SC,0x400b803c
FTM2_C6V,0x400b8040
FTM2_C7SC,0x400b8044
FTM2_C7V,0x400b8048
FTM2_CNTIN,0x400b804c
FTM2_STATUS,0x400b8050
FTM2_MODE,0x400b8054
FTM2_SYNC,0x400b8058
FTM2_OUTINIT,0x400b805c
FTM2_OUTMASK,0x400b8060
FTM2_COMBINE,0x400b8064
FTM2_DEADTIME,0x400b8068
FTM2_EXTTRIG,0x400b806c
FTM2_POL,0x400b8070
FTM2_FMS,0x400b8074
FTM2_FILTER,0x400b8078
FTM2_FLTCTRL,0x400b807c
FTM2_QDCTRL,0x400b8080
FTM2_CONF,0x400b8084
FTM2_FLTPOL,0x400b8088
FTM2_SYNCONF,0x400b808c
FTM2_INVCTRL,0x400b8090
FTM2_SWOCTRL,0x400b8094
FTM2_PWMLOAD,0x400b8098
ADC1_SC1A,0x400bb000
ADC1_SC1B,0x400bb004
ADC1_CFG1,0x400bb008
ADC1_CFG2,0x400bb00c
ADC1_RA,0x400bb010
ADC1_RB,0x400bb014
ADC1_CV1,0x400bb018
ADC1_CV2,0x400bb01c
ADC1_SC2,0x400bb020
ADC1_SC3,0x400bb024
ADC1_OFS,0x400bb028
ADC1_PG,0x400bb02c
ADC1_CLPS,0x400bb038
ADC1_CLP4,0x400bb03c
ADC1_CLP3,0x400bb040
ADC1_CLP2,0x400bb044
ADC1_CLP1,0x400bb048
ADC1_CLP0,0x400bb04c
ADC1_PGA,0x400bb050
ADC1_CLMD,0x400bb054
ADC1_CLMS,0x400bb058
ADC1_CLM4,0x400bb05c
ADC1_CLM3,0x400bb060
ADC1_CLM2,0x400bb064
ADC1_CLM1,0x400bb068
ADC1_CLM0,0x400bb06c
ENET_EIR,0x400c0004
ENET_EIMR,0x400c0008
ENET_RDAR,0x400c0010
ENET_TDAR,0x400c0014
ENET_ECR,0x400c0024
ENET_MSCR,0x400c0044
ENET_MIBC,0x400c0064
ENET_TCR,0x400c00c4
ENET_PALR,0x400c00e4
ENET_PAUR,0x400c00e8
ENET_IAUR,0x400c0118
ENET_IALR,0x400c011c
ENET_GAUR,0x400c0120
ENET_GALR,0x400c0124
ENET_TFWR,0x400c0144
ENET_RDSR,0x400c0180
ENET_TDSR,0x400c0184
ENET_MRBR,0x400c0188
ENET_RSFL,0x400c0190
ENET_RSEM,0x400c0194
ENET_RAEM,0x400c0198
ENET_RAFL,0x400c019c
ENET_TSEM,0x400c01a0
ENET_TAEM,0x400c01a4
ENET_TAFL,0x400c01a8
ENET_TIPG,0x400c01ac
ENET_FTRL,0x400c01b0
ENET_TACC,0x400c01c0
ENET_RACC,0x400c01c4
ENET_ATCR,0x400c0400
ENET_ATVR,0x400c0404
ENET_ATOFF,0x400c0408
ENET_ATPER,0x400c040c
ENET_ATINC,0x400c0414
ENET_ATSTMP,0x400c0418
ENET_TGSR,0x400c0604
ENET_TCSR0,0x400c0608
ENET_TCCR0,0x400c060c
ENET_TCSR1,0x400c0610
ENET_TCCR1,0x400c0614
ENET_TCSR2,0x400c0618
ENET_TCCR2,0x400c061c
ENET_TCSR3,0x400c0620
ENET_TCCR3,0x400c0624
DAC0_DAT0L,0x400cc000
DAC0_DATH,0x400cc001
DAC0_DAT1L,0x400cc002
DAC0_DAT2L,0x400cc004
DAC0_DAT3L,0x400cc006
DAC0_DAT4L,0x400cc008
DAC0_DAT5L,0x400cc00a
DAC0_DAT6L,0x400cc00c
DAC0_DAT7L,0x400cc00e
DAC0_DAT8L,0x400cc010
DAC0_DAT9L,0x400cc012
DAC0_DAT10L,0x400cc014
DAC0_DAT11L,0x400cc016
DAC0_DAT12L,0x400cc018
DAC0_DAT13L,0x400cc01a
DAC0_DAT14L,0x400cc01c
DAC0_DAT15L,0x400cc01e
DAC0_SR,0x400cc020
DAC1_DAT0L,0x400cd000
DAC1_DATH,0x400cd001
DAC1_DAT1L,0x400cd002
DAC1_DAT2L,0x400cd004
DAC1_DAT3L,0x400cd006
DAC1_DAT4L,0x400cd008
DAC1_DAT5L,0x400cd00a
DAC1_DAT6L,0x400cd00c
DAC1_DAT7L,0x400cd00e
DAC1_DAT8L,0x400cd010
DAC1_DAT9L,0x400cd012
DAC1_DAT10L,0x400cd014
DAC1_DAT11L,0x400cd016
DAC1_DAT12L,0x400cd018
DAC1_DAT13L,0x400cd01a
DAC1_DAT14L,0x400cd01c
DAC1_DAT15L,0x400cd01e
DAC1_SR,0x400cd020
UART4_BDH,0x400ea000
UART4_BDL,0x400ea001
UART4_C1,0x400ea002
UART4_C2,0x400ea003
UART4_S1,0x400ea004
UART4_S2,0x400ea005
UART4_C3,0x400ea006
UART4_D,0x400ea007
UART4_MA1,0x400ea008
UART4_MA2,0x400ea009
UART4_C4,0x400ea00a
UART4_C5,0x400ea00b
UART4_ED,0x400ea00c
UART4_MODEM,0x400ea00d
UART4_IR,0x400ea00e
UART4_PFIFO,0x400ea010
UART4_CFIFO,0x400ea011
UART4_SFIFO,0x400ea012
UART4_TWFIFO,0x400ea013
UART4_TCFIFO,0x400ea014
UART4_RWFIFO,0x400ea015
UART4_RCFIFO,0x400ea016
UART4_C7816,0x400ea018
UART4_IE7816,0x400ea019
UART4_IS7816,0x400ea01a
UART4_WP7816T0,0x400ea01b
UART4_WP7816T1,0x400ea01b
UART4_WN7816,0x400ea01c
UART4_WF7816,0x400ea01d
UART4_ET7816,0x400ea01e
UART4_TL7816,0x400ea01f
UART4_C6,0x400ea021
UART4_PCTH,0x400ea022
UART4_PCTL,0x400ea023
UART4_IE0,0x400ea024
UART4_SDTH,0x400ea025
UART4_SDTL,0x400ea026
UART4_PRE,0x400ea027
UART4_TPL,0x400ea028
UART4_IE,0x400ea029
UART4_WB,0x400ea02a
UART4_S3,0x400ea02b
UART4_S4,0x400ea02c
UART4_RPL,0x400ea02d
UART4_RPREL,0x400ea02e
UART4_CPW,0x400ea02f
UART4_RIDTH,0x400ea030
UART4_RIDTL,0x400ea031
UART4_TIDTH,0x400ea032
UART4_TIDTL,0x400ea033
UART4_RB1TH,0x400ea034
UART4_RB1TL,0x400ea035
UART4_TB1TH,0x400ea036
UART4_TB1TL,0x400ea037
UART4_PROG_REG,0x400ea038
UART4_STATE_REG,0x400ea039
UART5_BDH,0x400eb000
UART5_BDL,0x400eb001
UART5_C1,0x400eb002
UART5_C2,0x400eb003
UART5_S1,0x400eb004
UART5_S2,0x400eb005
UART5_C3,0x400eb006
UART5_D,0x400eb007
UART5_MA1,0x400eb008
UART5_MA2,0x400eb009
UART5_C4,0x400eb00a
UART5_C5,0x400eb00b
UART5_ED,0x400eb00c
UART5_MODEM,0x400eb00d
UART5_IR,0x400eb00e
UART5_PFIFO,0x400eb010
UART5_CFIFO,0x400eb011
UART5_SFIFO,0x400eb012
UART5_TWFIFO,0x400eb013
UART5_TCFIFO,0x400eb014
UART5_RWFIFO,0x400eb015
UART5_RCFIFO,0x400eb016
UART5_C7816,0x400eb018
UART5_IE7816,0x400eb019
UART5_IS7816,0x400eb01a
UART5_WP7816T0,0x400eb01b
UART5_WP7816T1,0x400eb01b
UART5_WN7816,0x400eb01c
UART5_WF7816,0x400eb01d
UART5_ET7816,0x400eb01e
UART5_TL7816,0x400eb01f
UART5_C6,0x400eb021
UART5_PCTH,0x400eb022
UART5_PCTL,0x400eb023
UART5_IE0,0x400eb024
UART5_SDTH,0x400eb025
UART5_SDTL,0x400eb026
UART5_PRE,0x400eb027
UART5_TPL,0x400eb028
UART5_IE,0x400eb029
UART5_WB,0x400eb02a
UART5_S3,0x400eb02b
UART5_S4,0x400eb02c
UART5_RPL,0x400eb02d
UART5_RPREL,0x400eb02e
UART5_CPW,0x400eb02f
UART5_RIDTH,0x400eb030
UART5_RIDTL,0x400eb031
UART5_TIDTH,0x400eb032
UART5_TIDTL,0x400eb033
UART5_RB1TH,0x400eb034
UART5_RB1TL,0x400eb035
UART5_TB1TH,0x400eb036
UART5_TB1TL,0x400eb037
UART5_PROG_REG,0x400eb038
UART5_STATE_REG,0x400eb039
GPIOA_PDOR,0x400ff000
GPIOA_PSOR,0x400ff004
GPIOA_PCOR,0x400ff008
GPIOA_PTOR,0x400ff00c
GPIOA_PDIR,0x400ff010
GPIOA_PDDR,0x400ff014
GPIOB_PDOR,0x400ff040
GPIOB_PSOR,0x400ff044
GPIOB_PCOR,0x400ff048
GPIOB_PTOR,0x400ff04c
GPIOB_PDIR,0x400ff050
GPIOB_PDDR,0x400ff054
GPIOC_PDOR,0x400ff080
GPIOC_PSOR,0x400ff084
GPIOC_PCOR,0x400ff088
GPIOC_PTOR,0x400ff08c
GPIOC_PDIR,0x400ff090
GPIOC_PDDR,0x400ff094
GPIOD_PDOR,0x400ff0c0
GPIOD_PSOR,0x400ff0c4
GPIOD_PCOR,0x400ff0c8
GPIOD_PTOR,0x400ff0cc
GPIOD_PDIR,0x400ff0d0
GPIOD_PDDR,0x400ff0d4
GPIOE_PDOR,0x400ff100
GPIOE_PSOR,0x400ff104
GPIOE_PCOR,0x400ff108
GPIOE_PTOR,0x400ff10c
GPIOE_PDIR,0x400ff110
GPIOE_PDDR,0x400ff114
AIPS0_PACRB,0x40000024
AIPS0_PACRD,0x4000002c
AIPS0_PACRE,0x40000040
AIPS1_PACRB,0x40080024
AIPS1_PACRC,0x40080028
AIPS1_PACRD,0x4008002c
AIPS1_PACRE,0x40080040
ENET_RCR,0x400c0084
CAN0_CTRL1,0x40024004
CAN1_CTRL1,0x400a4004
MCM_PLASC,0xe0080008
MCM_PLAMC,0xe008000a
MCM_CR,0xe008000c
MCM_ISR,0xe0080010
MCM_ETBCC,0xe0080014
MCM_ETBRL,0xe0080018
MCM_ETBCNT,0xe008001c
MCM_PID,0xe0080030
CAU_CASR,0xe0081000
CAU_CAA,0xe0081001
CAU_CA0,0xe0081002
CAU_CA1,0xe0081003
CAU_CA2,0xe0081004
CAU_CA3,0xe0081005
CAU_CA4,0xe0081006
CAU_CA5,0xe0081007
CAU_CA6,0xe0081008
CAU_CA7,0xe0081009
CAU_CA8,0xe008100a
SIM_SCGC5,0x40048038
ENET_MMFR,0x400c0040
CRC_GPOLY,0x40032004
CAN0_RX14MASK,0x400240e0
CAN0_RX15MASK,0x400240e4
CAN0_ECR,0x4002401c
CAN0_RXFIR,0x4002404C
CAN1_RX14MASK,0x400a4014
CAN1_RX15MASK,0x400a4018
CAN1_ECR,0x400a401c
CAN1_RXFIR,0x400a404C
